model,answer_tokens,question_tokens,question_type,version,true_answer,model_response,instruction,num_concurrent_requests,test_duration_seconds,test_timestamp_utc
qwen1.5-7B-Chat,10,29,math,1,"1. 将问题转化为数学式子：铅笔的长度 = A4纸的长度 - 铅笔的宽度
2. 将铅笔的宽度代入公式中：铅笔的长度 = 21厘米 - 11厘米
3. 计算铅笔的长度：铅笔的长度 = 10厘米
答案：这支铅笔的长度是10厘米。",这支铅笔的长度是10厘米。,如果一支铅笔比一张A4纸的宽度（21厘米）少11厘米，那么这支铅笔是多长？,50,1.018808126449585,2024-03-29 13:08:27+0800
qwen1.5-7B-Chat,56,165,summarization,1,John和Mary在对话中讨论了软件开发的领域。Mary对这个领域充满兴趣，但有时也会遇到编码难题。John分享了一些他过去解决难题的方法，Mary表示非常感激。,Mary对软件开发有兴趣，但遇到了一些编程难题，尽管向同事求助未果。John，作为一名经验丰富的IT顾问，主动提出分享自己解决难题的方法，以帮助Mary克服困难。两人的交流显示了在技术问题上寻求帮助和支持的互动。,"John：你好，Mary，我听说你对软件开发的领域充满兴趣。
Mary：是的，我对此很感兴趣。我一直为能够参与创造创新的软件产品而感到激动。
John：那么，你是否遇到过一些编码难题？ 
Mary：是的，有时候遇到一些开发障碍，其中一些似乎是无法解决的难题。
John：你是否尝试过其他的解决方案来克服这些问题？ 
Mary：嗯，我曾经尝试过向我的同事请教，但他们也不确定该如何解决这些问题。
John：这通常是开发中的一个常见问题。我可以和你分享一些我在过去解决难题的方法，也许它们会帮到你。
Mary：太好了，真是太好了。能够得到一个有经验的IT顾问的帮助，这对我太有帮助了。

根据以上这段对话总结主要内容。",50,1.9630711078643799,2024-03-29 13:08:29+0800
qwen1.5-7B-Chat,236,16,code,1,"以下是一个Python程序，可以输入一个数组，并输出该数组的中位数：

```python
def median(arr):
    arr.sort()
    n = len(arr)
    if n % 2 == 0:
        return (arr[n//2] + arr[n//2 - 1]) / 2
    else:
        return arr[n//2]

# 测试
arr = [1, 2, 3, 4, 5]
print(median(arr)) # 输出 3

arr = [1, 2, 3, 4, 5, 6]
print(median(arr)) # 输出 3.5
```

这个程序中，我们首先定义了一个函数`median`，它接受一个数组`arr`作为参数。在函数内部，我们首先使用`sort`方法对数组进行排序，然后计算数组的长度`n`。如果`n`是偶数，则中位数是数组的中间两个数的平均值；如果`n`是奇数，则中位数就是数组中间的那个数。最后，我们返回中位数。

在测试部分，我们输入了两个不同的数组，并分别调用了`median`函数，输出了中位数。","当然可以，以下是一个简单的Python程序，它使用内置的`statistics.median()`函数来找到数组的中位数：

```python
import statistics

def find_median(arr):
    try:
        median = statistics.median(arr)
        return median
    except TypeError:  # 如果数组为空或只包含单个元素，median会抛出TypeError
        return ""Array is either empty or contains only one element""

# 测试程序
numbers = [1, 2, 3, 4, 5]
print(find_median(numbers))  # 输出：3

numbers = [7, 2, 9, 1, 5]
print(find_median(numbers))  # 输出：5

numbers = []
print(find_median(numbers))  # 输出：Array is either empty or contains only one element
```

这个程序首先导入了`statistics`模块，然后定义了一个函数`find_median`。在函数内部，我们尝试计算数组的中位数并返回。如果数组为空或者只包含一个元素，`median`函数会抛出`TypeError`，我们捕获这个异常并返回一个提示信息。",编写一个Python程序，输入一个数组，输出这个数组的中位数,50,7.9276533126831055,2024-03-29 13:08:36+0800
qwen1.5-7B-Chat,124,10,brainstorming,1,"1. 避免电器与水接触：厨房电器通常需要与水接触，如水槽、洗碗机等。在使用电器时，应确保电器与水没有直接接触，以免发生电击事故。

2. 避免电器与湿湿的表面接触：厨房电器表面可能会沾湿，如烤箱、微波炉等。在使用电器时，应确保电器表面没有湿湿的水滴，以免电器表面发生短路。

3. 避免电器与尖锐物品接触：厨房电器表面可能会有尖锐的边缘或角，如刀片、刀具等。在使用电器时，应确保电器表面没有尖锐物品，以免发生意外伤害。

4. 避免电器与儿童接触：厨房电器通常需要高度的操作技能和专业知识，如烤箱、炉灶等。在使用电器时，应确保儿童无法接触到电器，以免发生意外伤害。

5. 定期维护和保养电器：厨房电器需要定期维护和保养，如清洁电器表面、更换电器部件等。在使用电器时，应确保电器处于良好的工作状态，以免发生意外事故。","1. 使用电压匹配：确保所有电器都符合您家的电压，过高的电压可能会导致电击。

2. 插座安全：使用有接地线的插座，以防电器过热引发触电或火灾。

3. 避免接触热源：工作中的烤箱、微波炉等高温设备，应保持一定距离，防止烫伤。

4. 定期检查电线：老化或损坏的电线容易引发短路，应及时更换。

5. 儿童防护：将易触及的电器放置在儿童触及不到的地方，避免误操作。",指出厨房电器与人体安全相关的五个注意事项。,50,4.111935138702393,2024-03-29 13:08:41+0800
qwen1.5-7B-Chat,52,39,translation,1,"The sunlight shines on the purple smoke,
And the distant waterfall hangs in the front.

The water flows straight down for three thousand feet,
It seems like the Milky Way falls from nine heavenly places.","Sunlight warms the incense smoke, turning it to purple vapor,
From afar, a waterfall cascades like a cloth before the mountain stream.

Rushing down at a thousand feet in an instant, it seems like stars fall from the Heavens.","```
日照香炉生紫烟，遥看瀑布挂前川。

飞流直下三千尺，疑是银河落九天。
```

把上面的诗词翻译成英文",50,1.7483766078948975,2024-03-29 13:08:42+0800
qwen1.5-7B-Chat,47,57,extract,1,"公司名：未提及
成立年份：1998年
业务范畴：软件开发
总部城市：纽约市","公司名：无提及（但从信息可以推测这是某个专注于软件开发的公司）
成立年份：1998
总部城市：纽约市
业务范畴：软件开发，提供定制解决方案 for businesses of all sizes","从下面的文章中提取公司的信息，包括公司名、成立年份、业务范畴、总部城市：
Our company was established in 1998 and our headquarters are located in New York City. We specialize in software development and offer custom solutions for businesses of all sizes.",50,1.5890567302703857,2024-03-29 13:08:44+0800
qwen1.5-7B-Chat,26,35,classification,1,"这个评论可以被视为正向的。原因如下：
1. 描述了早餐很丰富、服务也热情。这表明了客户对酒店提供的早餐和服务感到满意，并给予了积极的评价。
2. 评论中没有任何指责或批评的内容。客户似乎只在谈论他们在酒店住宿的经验，而不涉及任何具体问题。
3. 最后一句话“退房时，前台值此人员办理手续也非常快”进一步证实了客户对酒店工作效率的好评。
综合来看，这个评论可以认为是正向的。",这个评论是正向的。评论中提到了早餐丰富、服务热情以及前台人员办理速度快等积极的方面。,"判断下面的评论是正向还是负向：
早餐很丰富，服务也热情，早上很早退房时，前台值此人员办理手续也非常快。",50,0.9015200138092041,2024-03-29 13:08:45+0800
qwen1.5-7B-Chat,43,93,extract,1,"时间：3月31日下午
地名：人民大会堂
人名：习近平、桑切斯、安瓦尔、李显龙",时间：3月31日下午；地名：人民大会堂（北京）；人名：习近平（中国）、桑切斯（西班牙）、安瓦尔（马来西亚）、李显龙（新加坡）,"抽取出下文中的时间、地名和人名：
```
3月31日下午，人民大会堂，习近平主席接连会见了3位外国领导人——西班牙首相桑切斯、马来西亚总理安瓦尔、新加坡总理李显龙。这些外国领导人为何选择这个时间来到北京？习主席在同他们的会见中重点谈到了什么？密集会见释放了什么样的信息？《时政新闻眼》为你解读”
```",50,1.470022439956665,2024-03-29 13:08:46+0800
qwen1.5-7B-Chat,124,72,math,1,"1. 计算孙悟空要花多少钱在企鹅视频上：5个月 × 23元/月 = 115元。
2. 计算孙悟空要花多少钱在猕猴桃视频上：4个月 × 24元/月 = 96元。
3. 计算孙悟空要花多少钱在马铃薯视频上：3个月 × 26元/月 = 78元。
4. 将三项费用相加：115元 + 96元 + 78元 = 289元。
5. 因此，孙悟空一共要花289元。
思考过程：
1. 计算每月的费用，即23元、24元和26元。
2. 计算孙悟空要开通的会员的数量，即5个月、4个月和3个月。
3. 将每月的费用乘以会员的数量，即23元 × 5个月 = 115元、24元 × 4个月 = 96元、26元 × 3个月 = 78元。
4. 将三项费用相加，即115元 + 96元 + 78元 = 289元。
5. 因此，孙悟空一共要花289元。","孙悟空开通各视频平台会员的费用计算如下：

1. 企鹅视频：5个月 × 23元/月 = 115元
2. 猕猴桃视频：4个月 × 24元/月 = 96元
3. 马铃薯视频：3个月 × 26元/月 = 78元

将这三部分相加得到总花费：

115元 + 96元 + 78元 = 289元

所以，孙悟空一共要花289元。",假设企鹅视频的会员每月23元，猕猴桃视频的会员每月24元，马铃薯视频的会员每月26元。孙悟空打算开通5个月企鹅视频会员，4个月猕猴桃视频会员，3个月马铃薯会员。请问孙悟空一共要花多少钱？请一步一步思考，并给出思考过程,50,4.099165439605713,2024-03-29 13:08:50+0800
qwen1.5-7B-Chat,97,569,MRC,1,深圳此次大暴雨是由台风“海葵”的残余环流导致的。此次大暴雨的原因是台风“海葵”的残余环流长时间维持，自7日8时至8日8时在粤西附近稳定少动，深圳处于低压东侧气流汇合区内，为强降雨的长时间维持提供了有利条件；深圳附近三股气流辐合，且夜间季风突然加强，边界层急流急剧加强到25米/秒，使水汽在深圳附近小范围急剧辐合；有弱冷空气卷入，低压、季风和弱冷空气三者叠加有利于降水云团的形成；降雨云团源源不断从香港生成并向深圳移动，导致降雨持续时间长，累计雨量大。,"深圳此次大暴雨是由台风""海葵""的残余环流引起的。造成大暴雨的原因包括：台风残余气流长时间维持，深圳处于其东侧气流汇合区内；深圳附近有三股气流的辐合，夜间季风加强，导致边界层急流增强；弱冷空气的卷入增加了降水的可能性；以及强降雨云团从香港持续向深圳移动，降雨持续时间长，累积雨量大。","```
新华社深圳9月8日电(记者毛思倩、李思佳)深圳市气象台8日下午通报，受台风“海葵”残余环流、季风和弱冷空气共同影响，7日傍晚到8日上午，深圳出现了超历史记录的特大暴雨，具有“强度超强、持续时间超长、强降雨范围超大”的特征，截至8日15时00分，此次降雨打破了深圳1952年有气象记录以来7项历史极值。

据统计，7项历史极值包括最大2小时滑动雨量(记录雨量为195.8毫米，出现在盐田区正坑气象站)、最大3小时滑动雨量(记录雨量为246.8毫米，出现在盐田区正坑站)、最大6小时滑动雨量(记录雨量为355.2毫米，出现在罗湖区东门站)、最大12小时滑动雨量(记录雨量为465.5毫米，出现在罗湖区小梧桐站)、最大24小时滑动雨量(记录雨量为559.6毫米，出现在罗湖区小梧桐站)、最大48小时滑动雨量(记录雨量为615.4毫米，出现在罗湖区小梧桐站)、最大72小时滑动雨量(记录雨量为616.4毫米，出现在罗湖区小梧桐站)。滑动雨量是指该时刻往前滑动一段时间内的雨量，也就是逐分钟统计过去一段时间(比如1小时)的累计雨量。

深圳市气象台预报员罗欣介绍，造成本次极端特大暴雨的原因，一是台风“海葵”的残余环流长时间维持，自7日8时至8日8时在粤西附近稳定少动，深圳处于低压东侧气流汇合区内，为强降雨的长时间维持提供了有利条件；二是深圳附近三股气流辐合，且夜间季风突然加强，边界层急流急剧加强到25米/秒，使水汽在深圳附近小范围急剧辐合；三是有弱冷空气卷入，低压、季风和弱冷空气三者叠加有利于降水云团的形成；四是强降雨云团源源不断从香港生成并向深圳移动，导致降雨持续时间长，累计雨量大。

预计深圳8日夜间至9日有大雨到暴雨局部大暴雨，10日有局部暴雨，11日降雨明显减弱。
```


请你仔细阅读上面的文章，并且回答下面的问题：
深圳此次大暴雨是由什么台风导致的？此次大暴雨的原因是什么？",50,3.3777928352355957,2024-03-29 13:08:54+0800
qwen1.5-7B-Chat,129,75,extract,1,"设备类：ACME-500工业炉
数据现象：温度传感器数据为5000℃
处理手段：更换故障的温度传感器","设备类别：工业炉
数据现象：温度传感器异常（显示5000℃，超出正常范围），导致炉温失控
处理手段：更换故障温度传感器，校准和测试

关系提取：
1. 设备类：工业炉
2. 故障类型：温度传感器故障，表现为读数过高（5000℃）
3. 故障影响：炉温控制失常
4. 处理方法：针对性解决，即更换损坏的传感器，随后进行校准以确保准确读数，最后进行测试以验证新传感器功能并保证炉温稳定性。",设备型号ACME-500的工业炉出现了温度过高的故障。数据现象是温度传感器数据为5000℃，导致炉内温度无法正常控制。为了解决这个问题，我们需要更换故障的温度传感器，并进行校准和测试确保炉温的稳定性。对上述描述进行设备类、数据现象、处理手段的关系提取,50,4.273217439651489,2024-03-29 13:08:58+0800
qwen1.5-7B-Chat,359,19,generation,1,"随着中国经济的不断发展，乡村振兴已经成为了国家发展的重要战略。在这个背景下，全面推进乡村振兴，加快建设农业强国已经成为了国家的一项重要任务。本文将从多个方面探讨这一问题。

一、乡村振兴的重要性

乡村振兴是国家发展的重要战略，也是实现全面建设社会主义现代化国家的重要举措。在当前的背景下，乡村振兴已经成为了国家发展的重要战略。通过推进乡村振兴，可以促进农村经济的发展，提高农民的收入水平，改善农村民生，促进城乡协调发展。

二、推进乡村振兴的措施

推进乡村振兴需要采取一系列措施。首先，要加强农村基础设施建设。这包括修建农村道路、电力、通讯、水利等基础设施，提高农村的基础条件。其次，要加强农村产业结构调整。这包括发展农业、畜牧业、林业、渔业等农村产业，提高农村经济的效益。再次，要加强农村人才引进和培养。这包括引进优秀的农村人才，培养农村人才，提高农村人才的素质和能力。最后，要加强农村文化建设。这包括推广农村文化，提高农村文化水平，增强农村文化自信心。

三、加快建设农业强国

加快建设农业强国是推进乡村振兴的重要任务。农业是中国经济的重要支柱，也是国家发展的重要基础。加快建设农业强国需要采取一系列措施。首先，要加强农业科技创新。这包括加强农业科技研发，提高农业科技水平。其次，要加强农业生产组织建设。这包括发展农村合作经济，提高农业生产组织的效益。再次，要加强农业资源保护和治理。这包括保护农业生态环境，治理农业污染，提高农业资源的可持续利用率。最后，要加强农业市场建设。这包括建立健全农业市场体系，提高农业市场效率。

四、推进乡村振兴的挑战

推进乡村振兴面临着一些挑战。首先，农村经济结构不合理。农村经济结构单一，农业经济效益不高，农村经济的增长动力不足。其次，农村人才流失严重。农村人才流失率高，农村人才流失给农村经济发展带来了很大的影响。再次，农村文化水平不高。农村文化水平低，农村文化自信心不足，影响了农村的现代化建设。最后，农村环境污染严重。农村环境污染问题严重，给农村人民的健康和生活带来了很大的威胁。

五、推进乡村振兴的建议

推进乡村振兴需要采取一系列措施。首先，要加强农村基础设施建设。这包括修建农村道路、电力、通讯、水利等基础设施，提高农村的基础条件。其次，要加强农村产业结构调整。这包括发展农业、畜牧业、林业、渔业等农村产业，提高农村经济的效益。再次，要加强农村人才引进和培养。这包括引进优秀的农村人才，培养农村人才，提高农村人才的素质和能力。最后，要加强农村文化建设。这包括推广农村文化，提高农村文化水平，增强农村文化自信心。

六、结论

推进乡村振兴，加快建设农业强国已经成为了国家的一项重要任务。通过加强农村基础设施建设，加强农村产业结构调整，加强农村人才引进和培养，加强农村文化建设等措施，可以促进农村经济的发展，提高农民的收入水平，改善农村民生，促进城乡协调发展。同时，推进乡村振兴也面临着一些挑战，需要采取一系列措施来解决。","《全面推进乡村振兴，共建农业强国的崭新篇章》

在新时代的召唤下，乡村振兴战略犹如一幅宏图，描绘着我国农业现代化、强国梦的壮丽画卷。全面推进乡村振兴，加快农业强国建设，是我国实现高质量发展的重要战略选择，也是解决“三农”问题，满足人民日益增长美好生活需要的关键路径。

首先，乡村振兴是农业现代化的基石。农业是国家的根本，强国必先强农。通过深化农业供给侧结构性改革，优化农业生产结构，提高农业质量效益，我们不仅要满足数量需求，更要提升农产品品质，保障食品安全。科技是乡村振兴的引擎，数字化、智能化的现代农业技术将大幅提升农业生产效率，推动农业向绿色、高效、可持续方向转变。

其次，乡村是城乡融合的纽带。乡村振兴不仅仅是农村的振兴，更是城乡一体化发展的关键环节。通过推进城乡基础设施互联互通，公共服务均等化，让农民享受到更多的城市便利，同时也能吸引更多的城市资源流向乡村，实现城乡共同发展。

再者，乡村振兴是乡村振兴，人才是关键。我们需要培养一支懂农业、爱农村、服务农民的新型农业人才队伍，通过职业培训、教育引导，提高农民的素质和技能，激发他们的创新活力，使他们成为乡村振兴的主力军。

最后，政策引领是保障。政府需出台一系列扶持政策，包括财政投入、金融支持、土地制度改革等，为乡村振兴提供有力支撑。同时，建立健全的乡村治理体系，确保乡村振兴战略的落地生根。

全面推进乡村振兴，加快农业强国建设，是一个系统工程，需要全社会的共同参与和努力。让我们以时不我待的精神，锐意进取，以扎实的工作，推动农业全面升级，让广袤田野焕发出新的生机，让我们的农业强国梦想逐步照进现实。",根据标题生成一篇文章，要求800字：全面推进乡村振兴 加快建设农业强国。,50,11.771606922149658,2024-03-29 13:09:10+0800
qwen1.5-7B-Chat,72,396,MRC,1,布林肯此行的目的是建立“开放和经授权的”沟通，促进两国负责任地管理双边关系，以消除误解和避免误判，推进美国及与盟友共享的利益和价值观，包括与中方直接和坦率地谈论美国对一系列问题的关切，探索两国在跨国挑战上开展合作的潜力。,布林肯此次访华的目标是建立“开放和经授权的”沟通，促进两国负责任地管理双边关系，以消除误解和避免误判;推进美国及与盟友共享的利益和价值观，包括与中方直接和坦率地谈论美国对一系列问题的关切;探索两国在跨国挑战上开展合作的潜力。,"```
据此前报道，经中美双方商定，美国国务卿安东尼·布林肯于6月18日至19日访华。

美国国务院网站首页头条发布布林肯行程，称布林肯将于6月16日至21日前往北京和伦敦。值得注意的是，该文章的背景图片是中国街景，网站首页背景也相应变动。

该文章称，布林肯访华期间将与中国高级官员会面，讨论保持开放的沟通渠道、负责任地处理中美关系的重要性。他还将提及中美双方关注的问题、全球和区域事务，以及在共同面临的跨国挑战上的合作可能性等。

6月16日，布林肯表示，他此行目标有三个，分别是建立“开放和经授权的”沟通，促进两国负责任地管理双边关系，以消除误解和避免误判;推进美国及与盟友共享的利益和价值观，包括与中方直接和坦率地谈论美国对一系列问题的关切;探索两国在跨国挑战上开展合作的潜力。

外交部发言人汪文斌16日在例行记者会上表示，布林肯访问期间，双方将就中美关系及共同关心的重要国际和地区问题交换意见。中方将阐明对中美关系的立场和关切，坚决维护自身利益。

汪文斌还表示，习近平主席多次指出，中美关系不应该是你输我赢、你兴我衰的零和博弈，双方应该正确看待对方内外政策和战略意图，坚持相互尊重、和平共处、合作共赢，找到两个大国的正确相处之道。这不仅符合两国人民利益，也是国际社会普遍期待。
```

请你仔细阅读上面的文章，并且回答下面的问题。
你只能使用文章中明确列出的信息，不要编造文章中未列出的信息。如果你不知道答案，就说“我不确定”。 不要试图编造答案。

问题：布林肯此行的目的是什么？",50,2.5086750984191895,2024-03-29 13:09:12+0800
qwen1.5-7B-Chat,169,9,open qa,1,"作为一个人工智能助手，我没有个人喜好或偏好，但是根据科学研究和实践，出行的最佳方式取决于多种因素，例如目的地、时间、预算、个人偏好和环境影响等。以下是一些常见的出行方式和它们的优点：

1. 公共交通：公共交通是一种环保、经济、高效的出行方式，可以减少交通拥堵和空气污染。此外，公共交通通常有固定的路线和班次，方便人们规划行程。

2. 自行车：自行车是一种健康、环保、经济的出行方式，可以锻炼身体、减少空气污染和交通拥堵。此外，自行车还可以在城市中穿梭，方便到达一些无法到达的区域。

3. 步行：步行是一种健康、环保、经济的出行方式，可以锻炼身体、减少空气污染和交通拥堵。此外，步行还可以欣赏周围的风景，感受城市的氛围。

4. 驾车：驾车是一种灵活、方便的出行方式，可以自由选择路线和时间。但是，驾车也会产生交通拥堵和空气污染，对环境和健康产生负面影响。

综上所述，出行的最佳方式取决于多种因素，需要根据具体情况进行选择。","作为AI，我没有个人偏好或感受，但一般来说，最佳出行方式取决于目的地、交通状况、时间紧迫度、环保要求以及个人健康状况等多种因素。以下是几种常见出行方式的分析：

1. 公共交通：如公交、地铁、火车等，适合短途和大城市，环保且价格相对便宜。
2. 自驾：灵活方便，适合长途旅行和需要带较多行李的情况，但可能面临停车难、交通拥堵等问题。
3. 骑行或步行：健康且环保，适合短距离和城市环境，但速度较慢，不适用于远距离。
4. 出租车/网约车：便捷，尤其在特殊情况下，如赶时间或携带不便时，但费用较高。

最佳方式因具体情况而异，选择时可以权衡这些因素。",你认为出行的最佳方式是什么？为什么？,50,5.57299017906189,2024-03-29 13:09:18+0800
